movieId,idx
1,609
2,610
3,611
5,612
6,613
7,614
8,615
9,616
10,617
11,618
12,619
13,620
14,621
15,622
16,623
17,624
18,625
19,626
20,627
21,628
22,629
23,630
24,631
25,632
26,633
27,634
28,635
29,636
30,637
31,638
32,639
34,640
36,641
39,642
40,643
41,644
42,645
43,646
44,647
45,648
46,649
47,650
48,651
50,652
52,653
53,654
54,655
55,656
57,657
58,658
60,659
61,660
62,661
63,662
65,663
66,664
68,665
69,666
70,667
72,668
73,669
74,670
76,671
77,672
78,673
79,674
80,675
81,676
82,677
85,678
86,679
88,680
89,681
92,682
93,683
94,684
95,685
97,686
99,687
100,688
101,689
102,690
104,691
105,692
106,693
107,694
108,695
110,696
111,697
112,698
113,699
116,700
121,701
122,702
123,703
125,704
132,705
135,706
140,707
141,708
144,709
145,710
146,711
147,712
148,713
150,714
151,715
153,716
154,717
155,718
156,719
157,720
158,721
159,722
160,723
161,724
162,725
163,726
164,727
165,728
166,729
168,730
170,731
171,732
172,733
173,734
174,735
175,736
176,737
177,738
180,739
181,740
183,741
184,742
185,743
186,744
187,745
188,746
190,747
191,748
193,749
194,750
195,751
196,752
198,753
199,754
203,755
204,756
205,757
206,758
207,759
208,760
209,761
210,762
211,763
212,764
213,765
214,766
215,767
216,768
217,769
218,770
222,771
223,772
224,773
225,774
227,775
229,776
230,777
231,778
232,779
233,780
234,781
235,782
236,783
237,784
238,785
239,786
241,787
242,788
246,789
247,790
248,791
249,792
250,793
252,794
253,795
255,796
256,797
257,798
258,799
259,800
260,801
261,802
262,803
263,804
265,805
266,806
267,807
270,808
271,809
272,810
273,811
274,812
276,813
277,814
280,815
281,816
282,817
283,818
284,819
285,820
288,821
289,822
290,823
292,824
293,825
296,826
299,827
300,828
301,829
302,830
303,831
304,832
305,833
306,834
307,835
308,836
313,837
314,838
315,839
316,840
317,841
318,842
319,843
321,844
322,845
324,846
325,847
326,848
327,849
328,850
329,851
330,852
332,853
333,854
334,855
335,856
337,857
338,858
339,859
340,860
341,861
342,862
343,863
344,864
345,865
346,866
347,867
348,868
349,869
350,870
351,871
353,872
354,873
355,874
356,875
357,876
361,877
362,878
363,879
364,880
365,881
366,882
367,883
368,884
369,885
370,886
371,887
372,888
373,889
374,890
376,891
377,892
379,893
380,894
381,895
382,896
383,897
385,898
388,899
389,900
390,901
391,902
393,903
407,904
408,905
410,906
412,907
413,908
415,909
416,910
417,911
419,912
420,913
421,914
422,915
423,916
425,917
426,918
427,919
428,920
430,921
431,922
432,923
433,924
434,925
435,926
436,927
438,928
440,929
441,930
442,931
444,932
445,933
446,934
448,935
450,936
451,937
452,938
453,939
454,940
455,941
456,942
457,943
461,944
464,945
466,946
467,947
468,948
469,949
471,950
474,951
475,952
477,953
480,954
481,955
482,956
484,957
485,958
486,959
487,960
490,961
491,962
492,963
493,964
494,965
495,966
496,967
497,968
500,969
501,970
502,971
505,972
506,973
507,974
508,975
509,976
511,977
512,978
513,979
514,980
515,981
516,982
517,983
519,984
520,985
522,986
523,987
524,988
526,989
527,990
529,991
531,992
532,993
533,994
534,995
535,996
536,997
537,998
538,999
539,1000
540,1001
541,1002
542,1003
543,1004
547,1005
548,1006
549,1007
550,1008
551,1009
552,1010
553,1011
555,1012
556,1013
558,1014
562,1015
563,1016
568,1017
569,1018
574,1019
575,1020
580,1021
581,1022
583,1023
585,1024
586,1025
587,1026
588,1027
589,1028
590,1029
592,1030
593,1031
594,1032
595,1033
596,1034
597,1035
599,1036
600,1037
602,1038
605,1039
606,1040
608,1041
609,1042
610,1043
611,1044
613,1045
616,1046
617,1047
619,1048
626,1049
627,1050
628,1051
631,1052
632,1053
633,1054
637,1055
639,1056
640,1057
645,1058
647,1059
648,1060
650,1061
653,1062
656,1063
661,1064
662,1065
663,1066
665,1067
667,1068
668,1069
670,1070
671,1071
673,1072
674,1073
678,1074
679,1075
680,1076
685,1077
688,1078
691,1079
692,1080
694,1081
695,1082
700,1083
704,1084
707,1085
708,1086
709,1087
711,1088
714,1089
715,1090
718,1091
719,1092
720,1093
722,1094
724,1095
728,1096
731,1097
733,1098
735,1099
736,1100
737,1101
741,1102
742,1103
743,1104
745,1105
747,1106
748,1107
750,1108
757,1109
759,1110
760,1111
761,1112
762,1113
764,1114
765,1115
766,1116
778,1117
779,1118
780,1119
781,1120
782,1121
783,1122
784,1123
785,1124
786,1125
788,1126
791,1127
795,1128
798,1129
799,1130
800,1131
801,1132
802,1133
803,1134
804,1135
805,1136
808,1137
809,1138
810,1139
813,1140
818,1141
824,1142
828,1143
829,1144
830,1145
832,1146
833,1147
835,1148
836,1149
837,1150
838,1151
839,1152
840,1153
842,1154
848,1155
849,1156
851,1157
852,1158
858,1159
861,1160
866,1161
869,1162
876,1163
879,1164
880,1165
886,1166
889,1167
891,1168
892,1169
893,1170
897,1171
898,1172
899,1173
900,1174
901,1175
902,1176
903,1177
904,1178
905,1179
906,1180
907,1181
908,1182
909,1183
910,1184
911,1185
912,1186
913,1187
914,1188
915,1189
916,1190
917,1191
918,1192
919,1193
920,1194
921,1195
922,1196
923,1197
924,1198
926,1199
927,1200
928,1201
930,1202
931,1203
932,1204
933,1205
934,1206
935,1207
936,1208
937,1209
938,1210
940,1211
941,1212
942,1213
943,1214
944,1215
945,1216
946,1217
947,1218
948,1219
949,1220
950,1221
951,1222
952,1223
953,1224
954,1225
955,1226
956,1227
961,1228
965,1229
968,1230
969,1231
971,1232
973,1233
984,1234
986,1235
990,1236
991,1237
994,1238
996,1239
998,1240
999,1241
1004,1242
1006,1243
1009,1244
1010,1245
1011,1246
1012,1247
1013,1248
1014,1249
1015,1250
1017,1251
1019,1252
1020,1253
1021,1254
1022,1255
1023,1256
1024,1257
1025,1258
1027,1259
1028,1260
1029,1261
1030,1262
1031,1263
1032,1264
1033,1265
1034,1266
1035,1267
1036,1268
1037,1269
1041,1270
1042,1271
1046,1272
1047,1273
1049,1274
1050,1275
1051,1276
1056,1277
1057,1278
1059,1279
1060,1280
1061,1281
1064,1282
1066,1283
1073,1284
1077,1285
1078,1286
1079,1287
1080,1288
1081,1289
1082,1290
1083,1291
1084,1292
1085,1293
1086,1294
1088,1295
1089,1296
1090,1297
1091,1298
1092,1299
1093,1300
1094,1301
1095,1302
1096,1303
1097,1304
1099,1305
1100,1306
1101,1307
1103,1308
1104,1309
1105,1310
1111,1311
1112,1312
1116,1313
1120,1314
1121,1315
1123,1316
1124,1317
1125,1318
1126,1319
1127,1320
1128,1321
1129,1322
1130,1323
1131,1324
1132,1325
1135,1326
1136,1327
1137,1328
1140,1329
1144,1330
1147,1331
1148,1332
1150,1333
1151,1334
1161,1335
1167,1336
1171,1337
1172,1338
1173,1339
1175,1340
1176,1341
1177,1342
1178,1343
1179,1344
1183,1345
1184,1346
1185,1347
1186,1348
1187,1349
1188,1350
1189,1351
1190,1352
1191,1353
1192,1354
1193,1355
1194,1356
1196,1357
1197,1358
1198,1359
1199,1360
1200,1361
1201,1362
1202,1363
1203,1364
1204,1365
1206,1366
1207,1367
1208,1368
1209,1369
1210,1370
1211,1371
1212,1372
1213,1373
1214,1374
1215,1375
1216,1376
1217,1377
1218,1378
1219,1379
1220,1380
1221,1381
1222,1382
1223,1383
1224,1384
1225,1385
1226,1386
1227,1387
1228,1388
1230,1389
1231,1390
1232,1391
1233,1392
1234,1393
1235,1394
1236,1395
1237,1396
1238,1397
1240,1398
1241,1399
1242,1400
1243,1401
1244,1402
1245,1403
1246,1404
1247,1405
1248,1406
1249,1407
1250,1408
1251,1409
1252,1410
1253,1411
1254,1412
1255,1413
1256,1414
1257,1415
1258,1416
1259,1417
1260,1418
1261,1419
1262,1420
1263,1421
1264,1422
1265,1423
1266,1424
1267,1425
1268,1426
1269,1427
1270,1428
1271,1429
1272,1430
1273,1431
1274,1432
1275,1433
1276,1434
1277,1435
1278,1436
1279,1437
1280,1438
1281,1439
1282,1440
1283,1441
1284,1442
1285,1443
1286,1444
1287,1445
1288,1446
1289,1447
1290,1448
1291,1449
1292,1450
1293,1451
1295,1452
1296,1453
1297,1454
1298,1455
1299,1456
1300,1457
1301,1458
1302,1459
1303,1460
1304,1461
1305,1462
1306,1463
1307,1464
1310,1465
1320,1466
1321,1467
1327,1468
1332,1469
1333,1470
1334,1471
1337,1472
1339,1473
1341,1474
1342,1475
1343,1476
1344,1477
1345,1478
1346,1479
1347,1480
1348,1481
1349,1482
1350,1483
1353,1484
1354,1485
1356,1486
1357,1487
1358,1488
1359,1489
1361,1490
1363,1491
1365,1492
1366,1493
1367,1494
1370,1495
1371,1496
1372,1497
1373,1498
1374,1499
1375,1500
1376,1501
1377,1502
1378,1503
1379,1504
1380,1505
1381,1506
1385,1507
1387,1508
1388,1509
1390,1510
1391,1511
1392,1512
1393,1513
1394,1514
1395,1515
1396,1516
1397,1517
1399,1518
1401,1519
1405,1520
1406,1521
1407,1522
1408,1523
1409,1524
1411,1525
1413,1526
1414,1527
1415,1528
1416,1529
1419,1530
1422,1531
1423,1532
1429,1533
1431,1534
1432,1535
1437,1536
1438,1537
1441,1538
1442,1539
1446,1540
1447,1541
1449,1542
1454,1543
1457,1544
1458,1545
1459,1546
1461,1547
1464,1548
1465,1549
1466,1550
1468,1551
1473,1552
1474,1553
1475,1554
1476,1555
1477,1556
1479,1557
1480,1558
1483,1559
1484,1560
1485,1561
1487,1562
1488,1563
1489,1564
1496,1565
1497,1566
1498,1567
1499,1568
1500,1569
1503,1570
1513,1571
1517,1572
1518,1573
1527,1574
1529,1575
1533,1576
1537,1577
1541,1578
1542,1579
1544,1580
1545,1581
1549,1582
1552,1583
1554,1584
1562,1585
1564,1586
1565,1587
1566,1588
1569,1589
1571,1590
1573,1591
1580,1592
1584,1593
1586,1594
1587,1595
1588,1596
1589,1597
1590,1598
1591,1599
1593,1600
1594,1601
1596,1602
1597,1603
1600,1604
1603,1605
1604,1606
1605,1607
1606,1608
1608,1609
1610,1610
1611,1611
1613,1612
1614,1613
1615,1614
1616,1615
1617,1616
1619,1617
1620,1618
1621,1619
1625,1620
1626,1621
1627,1622
1629,1623
1631,1624
1633,1625
1635,1626
1639,1627
1641,1628
1643,1629
1644,1630
1645,1631
1648,1632
1650,1633
1652,1634
1653,1635
1655,1636
1656,1637
1658,1638
1659,1639
1663,1640
1665,1641
1670,1642
1672,1643
1673,1644
1674,1645
1676,1646
1678,1647
1680,1648
1682,1649
1683,1650
1684,1651
1686,1652
1687,1653
1688,1654
1689,1655
1690,1656
1693,1657
1694,1658
1695,1659
1696,1660
1699,1661
1701,1662
1702,1663
1703,1664
1704,1665
1707,1666
1711,1667
1713,1668
1717,1669
1718,1670
1719,1671
1721,1672
1722,1673
1726,1674
1727,1675
1729,1676
1730,1677
1732,1678
1733,1679
1734,1680
1735,1681
1739,1682
1747,1683
1748,1684
1753,1685
1754,1686
1755,1687
1759,1688
1762,1689
1767,1690
1769,1691
1771,1692
1772,1693
1777,1694
1779,1695
1783,1696
1784,1697
1785,1698
1792,1699
1793,1700
1797,1701
1799,1702
1801,1703
1804,1704
1805,1705
1809,1706
1810,1707
1812,1708
1827,1709
1831,1710
1833,1711
1834,1712
1835,1713
1836,1714
1840,1715
1844,1716
1845,1717
1848,1718
1855,1719
1856,1720
1859,1721
1866,1722
1873,1723
1875,1724
1876,1725
1883,1726
1884,1727
1885,1728
1888,1729
1889,1730
1892,1731
1893,1732
1894,1733
1895,1734
1897,1735
1900,1736
1902,1737
1904,1738
1907,1739
1909,1740
1911,1741
1912,1742
1913,1743
1914,1744
1916,1745
1917,1746
1918,1747
1920,1748
1921,1749
1922,1750
1923,1751
1924,1752
1927,1753
1929,1754
1931,1755
1934,1756
1936,1757
1938,1758
1939,1759
1940,1760
1941,1761
1942,1762
1944,1763
1945,1764
1946,1765
1947,1766
1948,1767
1949,1768
1950,1769
1951,1770
1952,1771
1953,1772
1954,1773
1955,1774
1956,1775
1957,1776
1958,1777
1959,1778
1960,1779
1961,1780
1962,1781
1963,1782
1964,1783
1965,1784
1966,1785
1967,1786
1968,1787
1969,1788
1970,1789
1971,1790
1972,1791
1974,1792
1975,1793
1976,1794
1977,1795
1979,1796
1982,1797
1990,1798
1991,1799
1994,1800
1997,1801
1999,1802
2000,1803
2001,1804
2002,1805
2003,1806
2004,1807
2005,1808
2006,1809
2007,1810
2009,1811
2010,1812
2011,1813
2012,1814
2013,1815
2014,1816
2015,1817
2017,1818
2018,1819
2019,1820
2020,1821
2021,1822
2022,1823
2023,1824
2024,1825
2025,1826
2028,1827
2033,1828
2034,1829
2035,1830
2037,1831
2040,1832
2041,1833
2046,1834
2048,1835
2050,1836
2051,1837
2052,1838
2054,1839
2057,1840
2058,1841
2059,1842
2060,1843
2064,1844
2065,1845
2066,1846
2067,1847
2068,1848
2069,1849
2070,1850
2072,1851
2073,1852
2074,1853
2075,1854
2076,1855
2077,1856
2078,1857
2080,1858
2081,1859
2082,1860
2083,1861
2084,1862
2085,1863
2087,1864
2088,1865
2089,1866
2090,1867
2092,1868
2093,1869
2094,1870
2096,1871
2097,1872
2099,1873
2100,1874
2102,1875
2103,1876
2104,1877
2105,1878
2106,1879
2108,1880
2109,1881
2110,1882
2111,1883
2112,1884
2114,1885
2115,1886
2116,1887
2117,1888
2118,1889
2122,1890
2123,1891
2124,1892
2125,1893
2126,1894
2130,1895
2131,1896
2132,1897
2133,1898
2134,1899
2135,1900
2136,1901
2137,1902
2138,1903
2139,1904
2140,1905
2141,1906
2143,1907
2144,1908
2145,1909
2146,1910
2148,1911
2149,1912
2150,1913
2151,1914
2153,1915
2155,1916
2156,1917
2159,1918
2160,1919
2161,1920
2165,1921
2167,1922
2169,1923
2171,1924
2174,1925
2175,1926
2176,1927
2178,1928
2181,1929
2182,1930
2183,1931
2184,1932
2185,1933
2186,1934
2193,1935
2194,1936
2195,1937
2196,1938
2201,1939
2202,1940
2203,1941
2204,1942
2206,1943
2208,1944
2212,1945
2227,1946
2231,1947
2232,1948
2236,1949
2239,1950
2240,1951
2241,1952
2243,1953
2245,1954
2247,1955
2248,1956
2249,1957
2253,1958
2257,1959
2259,1960
2261,1961
2262,1962
2263,1963
2266,1964
2268,1965
2269,1966
2273,1967
2275,1968
2278,1969
2282,1970
2283,1971
2287,1972
2288,1973
2289,1974
2290,1975
2291,1976
2294,1977
2295,1978
2296,1979
2297,1980
2298,1981
2300,1982
2301,1983
2302,1984
2303,1985
2304,1986
2310,1987
2311,1988
2312,1989
2313,1990
2314,1991
2316,1992
2318,1993
2320,1994
2321,1995
2322,1996
2323,1997
2324,1998
2325,1999
2327,2000
2328,2001
2329,2002
2330,2003
2331,2004
2333,2005
2334,2006
2335,2007
2336,2008
2337,2009
2338,2010
2340,2011
2342,2012
2344,2013
2346,2014
2348,2015
2349,2016
2350,2017
2351,2018
2352,2019
2353,2020
2354,2021
2355,2022
2357,2023
2358,2024
2359,2025
2360,2026
2361,2027
2362,2028
2366,2029
2367,2030
2369,2031
2371,2032
2372,2033
2373,2034
2374,2035
2375,2036
2376,2037
2377,2038
2378,2039
2379,2040
2380,2041
2381,2042
2382,2043
2384,2044
2387,2045
2388,2046
2390,2047
2391,2048
2393,2049
2394,2050
2395,2051
2396,2052
2398,2053
2401,2054
2402,2055
2403,2056
2405,2057
2406,2058
2407,2059
2409,2060
2410,2061
2411,2062
2413,2063
2414,2064
2416,2065
2418,2066
2419,2067
2420,2068
2421,2069
2423,2070
2424,2071
2425,2072
2427,2073
2428,2074
2429,2075
2430,2076
2431,2077
2432,2078
2433,2079
2435,2080
2436,2081
2439,2082
2442,2083
2443,2084
2445,2085
2447,2086
2450,2087
2454,2088
2455,2089
2456,2090
2457,2091
2458,2092
2459,2093
2463,2094
2467,2095
2469,2096
2470,2097
2471,2098
2472,2099
2474,2100
2475,2101
2476,2102
2477,2103
2478,2104
2481,2105
2485,2106
2488,2107
2490,2108
2491,2109
2492,2110
2493,2111
2494,2112
2495,2113
2496,2114
2497,2115
2500,2116
2501,2117
2502,2118
2503,2119
2504,2120
2505,2121
2506,2122
2511,2123
2512,2124
2513,2125
2517,2126
2518,2127
2521,2128
2522,2129
2524,2130
2527,2131
2528,2132
2529,2133
2530,2134
2531,2135
2532,2136
2533,2137
2534,2138
2539,2139
2541,2140
2542,2141
2546,2142
2549,2143
2550,2144
2551,2145
2553,2146
2554,2147
2557,2148
2558,2149
2560,2150
2563,2151
2565,2152
2567,2153
2568,2154
2570,2155
2571,2156
2572,2157
2575,2158
2579,2159
2580,2160
2581,2161
2582,2162
2583,2163
2585,2164
2587,2165
2593,2166
2594,2167
2596,2168
2598,2169
2599,2170
2600,2171
2605,2172
2606,2173
2607,2174
2609,2175
2612,2176
2613,2177
2615,2178
2616,2179
2617,2180
2618,2181
2622,2182
2624,2183
2628,2184
2630,2185
2632,2186
2633,2187
2634,2188
2639,2189
2640,2190
2641,2191
2644,2192
2648,2193
2654,2194
2657,2195
2660,2196
2662,2197
2664,2198
2668,2199
2669,2200
2670,2201
2671,2202
2672,2203
2676,2204
2677,2205
2682,2206
2683,2207
2686,2208
2687,2209
2688,2210
2690,2211
2691,2212
2692,2213
2693,2214
2694,2215
2696,2216
2699,2217
2700,2218
2701,2219
2702,2220
2706,2221
2707,2222
2708,2223
2709,2224
2710,2225
2712,2226
2713,2227
2716,2228
2717,2229
2718,2230
2720,2231
2722,2232
2723,2233
2724,2234
2726,2235
2728,2236
2729,2237
2730,2238
2731,2239
2732,2240
2734,2241
2735,2242
2736,2243
2737,2244
2738,2245
2739,2246
2744,2247
2745,2248
2746,2249
2747,2250
2749,2251
2750,2252
2751,2253
2752,2254
2759,2255
2761,2256
2762,2257
2763,2258
2764,2259
2769,2260
2770,2261
2771,2262
2772,2263
2779,2264
2782,2265
2788,2266
2789,2267
2791,2268
2792,2269
2795,2270
2796,2271
2797,2272
2801,2273
2802,2274
2803,2275
2804,2276
2805,2277
2806,2278
2807,2279
2808,2280
2810,2281
2819,2282
2820,2283
2822,2284
2824,2285
2826,2286
2829,2287
2836,2288
2839,2289
2840,2290
2841,2291
2843,2292
2844,2293
2846,2294
2848,2295
2851,2296
2852,2297
2857,2298
2858,2299
2859,2300
2861,2301
2863,2302
2865,2303
2866,2304
2867,2305
2870,2306
2871,2307
2872,2308
2874,2309
2875,2310
2877,2311
2879,2312
2880,2313
2881,2314
2883,2315
2889,2316
2890,2317
2891,2318
2894,2319
2897,2320
2899,2321
2901,2322
2905,2323
2906,2324
2907,2325
2908,2326
2912,2327
2915,2328
2916,2329
2917,2330
2918,2331
2919,2332
2921,2333
2922,2334
2924,2335
2925,2336
2926,2337
2927,2338
2928,2339
2931,2340
2932,2341
2935,2342
2936,2343
2937,2344
2940,2345
2941,2346
2942,2347
2943,2348
2944,2349
2946,2350
2947,2351
2948,2352
2949,2353
2950,2354
2951,2355
2952,2356
2953,2357
2956,2358
2959,2359
2966,2360
2967,2361
2968,2362
2969,2363
2970,2364
2971,2365
2972,2366
2973,2367
2976,2368
2977,2369
2978,2370
2983,2371
2984,2372
2985,2373
2986,2374
2987,2375
2988,2376
2989,2377
2990,2378
2991,2379
2993,2380
2996,2381
2997,2382
3000,2383
3002,2384
3003,2385
3004,2386
3005,2387
3006,2388
3007,2389
3008,2390
3010,2391
3011,2392
3013,2393
3015,2394
3016,2395
3017,2396
3018,2397
3019,2398
3020,2399
3022,2400
3024,2401
3029,2402
3030,2403
3032,2404
3033,2405
3034,2406
3035,2407
3036,2408
3037,2409
3038,2410
3039,2411
3040,2412
3041,2413
3044,2414
3045,2415
3046,2416
3052,2417
3053,2418
3055,2419
3056,2420
3057,2421
3060,2422
3061,2423
3062,2424
3063,2425
3066,2426
3067,2427
3068,2428
3070,2429
3071,2430
3072,2431
3073,2432
3074,2433
3075,2434
3076,2435
3077,2436
3078,2437
3079,2438
3081,2439
3082,2440
3083,2441
3086,2442
3087,2443
3088,2444
3089,2445
3090,2446
3091,2447
3093,2448
3094,2449
3095,2450
3096,2451
3097,2452
3098,2453
3099,2454
3100,2455
3101,2456
3102,2457
3104,2458
3105,2459
3107,2460
3108,2461
3109,2462
3111,2463
3113,2464
3114,2465
3115,2466
3117,2467
3120,2468
3125,2469
3129,2470
3130,2471
3134,2472
3135,2473
3142,2474
3145,2475
3146,2476
3147,2477
3148,2478
3150,2479
3152,2480
3153,2481
3155,2482
3156,2483
3157,2484
3158,2485
3159,2486
3160,2487
3161,2488
3163,2489
3165,2490
3167,2491
3168,2492
3169,2493
3171,2494
3173,2495
3174,2496
3175,2497
3176,2498
3177,2499
3178,2500
3179,2501
3181,2502
3182,2503
3185,2504
3186,2505
3189,2506
3190,2507
3194,2508
3196,2509
3197,2510
3198,2511
3200,2512
3201,2513
3203,2514
3204,2515
3208,2516
3210,2517
3211,2518
3213,2519
3214,2520
3217,2521
3219,2522
3221,2523
3223,2524
3224,2525
3230,2526
3235,2527
3240,2528
3241,2529
3243,2530
3244,2531
3246,2532
3247,2533
3248,2534
3249,2535
3250,2536
3251,2537
3252,2538
3253,2539
3254,2540
3255,2541
3256,2542
3257,2543
3258,2544
3259,2545
3260,2546
3261,2547
3262,2548
3263,2549
3264,2550
3265,2551
3266,2552
3267,2553
3269,2554
3270,2555
3271,2556
3272,2557
3273,2558
3274,2559
3275,2560
3283,2561
3285,2562
3286,2563
3287,2564
3289,2565
3295,2566
3296,2567
3298,2568
3299,2569
3300,2570
3301,2571
3302,2572
3303,2573
3306,2574
3307,2575
3308,2576
3310,2577
3315,2578
3316,2579
3317,2580
3323,2581
3326,2582
3327,2583
3328,2584
3329,2585
3330,2586
3334,2587
3341,2588
3342,2589
3344,2590
3347,2591
3350,2592
3353,2593
3354,2594
3355,2595
3357,2596
3358,2597
3359,2598
3360,2599
3361,2600
3362,2601
3363,2602
3364,2603
3365,2604
3372,2605
3374,2606
3378,2607
3379,2608
3384,2609
3385,2610
3386,2611
3387,2612
3388,2613
3392,2614
3396,2615
3397,2616
3398,2617
3401,2618
3402,2619
3403,2620
3404,2621
3406,2622
3408,2623
3409,2624
3410,2625
3412,2626
3414,2627
3415,2628
3418,2629
3420,2630
3421,2631
3422,2632
3424,2633
3425,2634
3426,2635
3429,2636
3430,2637
3435,2638
3436,2639
3438,2640
3439,2641
3440,2642
3441,2643
3444,2644
3445,2645
3446,2646
3447,2647
3448,2648
3449,2649
3450,2650
3451,2651
3452,2652
3453,2653
3459,2654
3461,2655
3462,2656
3466,2657
3467,2658
3468,2659
3469,2660
3470,2661
3471,2662
3473,2663
3474,2664
3475,2665
3476,2666
3477,2667
3479,2668
3480,2669
3481,2670
3483,2671
3484,2672
3489,2673
3492,2674
3494,2675
3496,2676
3498,2677
3499,2678
3500,2679
3501,2680
3502,2681
3503,2682
3504,2683
3505,2684
3506,2685
3507,2686
3508,2687
3510,2688
3511,2689
3512,2690
3513,2691
3515,2692
3516,2693
3521,2694
3524,2695
3525,2696
3526,2697
3527,2698
3528,2699
3529,2700
3531,2701
3534,2702
3535,2703
3536,2704
3537,2705
3538,2706
3539,2707
3543,2708
3546,2709
3548,2710
3549,2711
3550,2712
3551,2713
3552,2714
3555,2715
3556,2716
3557,2717
3559,2718
3565,2719
3566,2720
3567,2721
3568,2722
3569,2723
3571,2724
3576,2725
3578,2726
3580,2727
3581,2728
3586,2729
3591,2730
3592,2731
3593,2732
3594,2733
3599,2734
3606,2735
3608,2736
3614,2737
3615,2738
3616,2739
3617,2740
3618,2741
3623,2742
3624,2743
3626,2744
3627,2745
3628,2746
3629,2747
3632,2748
3633,2749
3634,2750
3635,2751
3637,2752
3638,2753
3639,2754
3640,2755
3641,2756
3643,2757
3646,2758
3648,2759
3649,2760
3653,2761
3654,2762
3655,2763
3668,2764
3671,2765
3672,2766
3673,2767
3674,2768
3675,2769
3676,2770
3677,2771
3678,2772
3679,2773
3681,2774
3682,2775
3683,2776
3684,2777
3685,2778
3686,2779
3687,2780
3688,2781
3696,2782
3697,2783
3698,2784
3699,2785
3701,2786
3702,2787
3703,2788
3704,2789
3706,2790
3707,2791
3708,2792
3711,2793
3713,2794
3715,2795
3717,2796
3719,2797
3720,2798
3723,2799
3724,2800
3725,2801
3726,2802
3727,2803
3728,2804
3729,2805
3730,2806
3732,2807
3733,2808
3735,2809
3737,2810
3738,2811
3740,2812
3741,2813
3742,2814
3744,2815
3745,2816
3746,2817
3747,2818
3751,2819
3752,2820
3753,2821
3754,2822
3755,2823
3756,2824
3758,2825
3760,2826
3761,2827
3763,2828
3769,2829
3770,2830
3771,2831
3783,2832
3784,2833
3785,2834
3786,2835
3787,2836
3788,2837
3790,2838
3791,2839
3792,2840
3793,2841
3795,2842
3797,2843
3798,2844
3801,2845
3808,2846
3809,2847
3811,2848
3812,2849
3813,2850
3814,2851
3816,2852
3819,2853
3821,2854
3822,2855
3823,2856
3824,2857
3825,2858
3826,2859
3827,2860
3831,2861
3832,2862
3835,2863
3836,2864
3837,2865
3840,2866
3841,2867
3843,2868
3844,2869
3845,2870
3846,2871
3849,2872
3851,2873
3852,2874
3855,2875
3857,2876
3858,2877
3859,2878
3861,2879
3862,2880
3863,2881
3864,2882
3865,2883
3868,2884
3869,2885
3871,2886
3873,2887
3877,2888
3882,2889
3888,2890
3893,2891
3894,2892
3896,2893
3897,2894
3900,2895
3910,2896
3911,2897
3912,2898
3914,2899
3915,2900
3916,2901
3917,2902
3918,2903
3920,2904
3925,2905
3927,2906
3928,2907
3932,2908
3937,2909
3939,2910
3940,2911
3941,2912
3942,2913
3943,2914
3946,2915
3947,2916
3948,2917
3949,2918
3950,2919
3951,2920
3952,2921
3959,2922
3963,2923
3967,2924
3968,2925
3969,2926
3972,2927
3977,2928
3978,2929
3979,2930
3980,2931
3981,2932
3983,2933
3984,2934
3985,2935
3986,2936
3987,2937
3988,2938
3989,2939
3990,2940
3991,2941
3992,2942
3993,2943
3994,2944
3996,2945
3998,2946
3999,2947
4002,2948
4003,2949
4005,2950
4006,2951
4007,2952
4008,2953
4010,2954
4011,2955
4014,2956
4015,2957
4016,2958
4017,2959
4018,2960
4019,2961
4020,2962
4021,2963
4022,2964
4023,2965
4025,2966
4027,2967
4029,2968
4032,2969
4033,2970
4034,2971
4036,2972
4037,2973
4039,2974
4041,2975
4042,2976
4043,2977
4046,2978
4047,2979
4052,2980
4054,2981
4055,2982
4056,2983
4061,2984
4062,2985
4063,2986
4066,2987
4067,2988
4068,2989
4069,2990
4077,2991
4078,2992
4079,2993
4082,2994
4083,2995
4084,2996
4085,2997
4086,2998
4090,2999
4102,3000
4103,3001
4105,3002
4109,3003
4113,3004
4116,3005
4117,3006
4121,3007
4126,3008
4128,3009
4132,3010
4135,3011
4142,3012
4144,3013
4146,3014
4147,3015
4148,3016
4149,3017
4152,3018
4153,3019
4154,3020
4155,3021
4157,3022
4158,3023
4159,3024
4160,3025
4161,3026
4164,3027
4167,3028
4168,3029
4171,3030
4175,3031
4178,3032
4180,3033
4184,3034
4187,3035
4190,3036
4191,3037
4193,3038
4195,3039
4200,3040
4203,3041
4205,3042
4210,3043
4211,3044
4214,3045
4217,3046
4219,3047
4220,3048
4223,3049
4225,3050
4226,3051
4231,3052
4232,3053
4234,3054
4235,3055
4237,3056
4238,3057
4239,3058
4243,3059
4246,3060
4247,3061
4248,3062
4254,3063
4255,3064
4256,3065
4259,3066
4262,3067
4263,3068
4265,3069
4267,3070
4270,3071
4273,3072
4275,3073
4276,3074
4278,3075
4280,3076
4285,3077
4289,3078
4291,3079
4292,3080
4293,3081
4294,3082
4296,3083
4297,3084
4298,3085
4299,3086
4300,3087
4304,3088
4306,3089
4307,3090
4308,3091
4310,3092
4312,3093
4321,3094
4322,3095
4323,3096
4325,3097
4326,3098
4327,3099
4329,3100
4333,3101
4334,3102
4337,3103
4338,3104
4339,3105
4342,3106
4343,3107
4344,3108
4345,3109
4347,3110
4349,3111
4350,3112
4351,3113
4356,3114
4357,3115
4359,3116
4361,3117
4366,3118
4367,3119
4369,3120
4370,3121
4372,3122
4373,3123
4374,3124
4378,3125
4380,3126
4381,3127
4383,3128
4386,3129
4387,3130
4388,3131
4389,3132
4390,3133
4393,3134
4395,3135
4396,3136
4399,3137
4402,3138
4404,3139
4406,3140
4407,3141
4410,3142
4419,3143
4422,3144
4424,3145
4426,3146
4427,3147
4428,3148
4429,3149
4432,3150
4433,3151
4434,3152
4437,3153
4438,3154
4439,3155
4440,3156
4441,3157
4442,3158
4444,3159
4445,3160
4446,3161
4447,3162
4448,3163
4450,3164
4452,3165
4454,3166
4458,3167
4459,3168
4464,3169
4465,3170
4467,3171
4470,3172
4474,3173
4475,3174
4476,3175
4477,3176
4478,3177
4482,3178
4484,3179
4487,3180
4488,3181
4489,3182
4495,3183
4498,3184
4499,3185
4500,3186
4508,3187
4509,3188
4516,3189
4518,3190
4519,3191
4523,3192
4526,3193
4529,3194
4533,3195
4535,3196
4537,3197
4541,3198
4544,3199
4545,3200
4546,3201
4553,3202
4562,3203
4564,3204
4571,3205
4572,3206
4577,3207
4581,3208
4583,3209
4585,3210
4600,3211
4605,3212
4611,3213
4612,3214
4615,3215
4616,3216
4617,3217
4621,3218
4623,3219
4626,3220
4628,3221
4634,3222
4638,3223
4639,3224
4640,3225
4641,3226
4642,3227
4643,3228
4644,3229
4645,3230
4649,3231
4654,3232
4660,3233
4663,3234
4677,3235
4678,3236
4679,3237
4681,3238
4683,3239
4688,3240
4695,3241
4697,3242
4700,3243
4701,3244
4703,3245
4708,3246
4711,3247
4713,3248
4717,3249
4718,3250
4720,3251
4721,3252
4725,3253
4728,3254
4733,3255
4734,3256
4735,3257
4738,3258
4741,3259
4744,3260
4745,3261
4748,3262
4754,3263
4759,3264
4765,3265
4766,3266
4771,3267
4773,3268
4776,3269
4785,3270
4787,3271
4788,3272
4789,3273
4792,3274
4794,3275
4795,3276
4799,3277
4801,3278
4802,3279
4803,3280
4809,3281
4811,3282
4813,3283
4814,3284
4815,3285
4816,3286
4821,3287
4823,3288
4826,3289
4830,3290
4833,3291
4835,3292
4836,3293
4840,3294
4844,3295
4846,3296
4848,3297
4849,3298
4850,3299
4855,3300
4857,3301
4863,3302
4865,3303
4866,3304
4867,3305
4873,3306
4874,3307
4878,3308
4880,3309
4881,3310
4883,3311
4886,3312
4887,3313
4888,3314
4889,3315
4890,3316
4896,3317
4899,3318
4900,3319
4901,3320
4902,3321
4903,3322
4912,3323
4914,3324
4915,3325
4916,3326
4917,3327
4920,3328
4921,3329
4928,3330
4936,3331
4941,3332
4942,3333
4945,3334
4946,3335
4947,3336
4951,3337
4954,3338
4956,3339
4957,3340
4958,3341
4963,3342
4965,3343
4967,3344
4969,3345
4970,3346
4971,3347
4973,3348
4974,3349
4975,3350
4976,3351
4978,3352
4979,3353
4980,3354
4981,3355
4989,3356
4990,3357
4991,3358
4992,3359
4993,3360
4994,3361
4995,3362
5004,3363
5008,3364
5009,3365
5010,3366
5011,3367
5012,3368
5013,3369
5014,3370
5015,3371
5016,3372
5023,3373
5025,3374
5026,3375
5027,3376
5034,3377
5039,3378
5040,3379
5047,3380
5048,3381
5049,3382
5055,3383
5059,3384
5060,3385
5062,3386
5064,3387
5065,3388
5066,3389
5068,3390
5069,3391
5071,3392
5072,3393
5073,3394
5074,3395
5075,3396
5080,3397
5081,3398
5083,3399
5088,3400
5092,3401
5093,3402
5095,3403
5103,3404
5106,3405
5107,3406
5108,3407
5109,3408
5110,3409
5114,3410
5120,3411
5121,3412
5127,3413
5131,3414
5135,3415
5137,3416
5139,3417
5146,3418
5147,3419
5151,3420
5152,3421
5155,3422
5159,3423
5165,3424
5171,3425
5177,3426
5178,3427
5181,3428
5187,3429
5202,3430
5214,3431
5218,3432
5219,3433
5220,3434
5222,3435
5224,3436
5225,3437
5237,3438
5239,3439
5240,3440
5241,3441
5244,3442
5246,3443
5247,3444
5250,3445
5254,3446
5265,3447
5266,3448
5267,3449
5269,3450
5279,3451
5282,3452
5283,3453
5285,3454
5288,3455
5291,3456
5292,3457
5293,3458
5294,3459
5296,3460
5298,3461
5299,3462
5300,3463
5303,3464
5304,3465
5308,3466
5309,3467
5312,3468
5313,3469
5316,3470
5319,3471
5322,3472
5325,3473
5328,3474
5329,3475
5333,3476
5339,3477
5341,3478
5348,3479
5349,3480
5357,3481
5364,3482
5365,3483
5373,3484
5377,3485
5378,3486
5379,3487
5380,3488
5382,3489
5385,3490
5387,3491
5388,3492
5389,3493
5391,3494
5398,3495
5400,3496
5404,3497
5409,3498
5414,3499
5415,3500
5416,3501
5417,3502
5418,3503
5419,3504
5420,3505
5421,3506
5422,3507
5423,3508
5425,3509
5427,3510
5434,3511
5444,3512
5445,3513
5446,3514
5447,3515
5449,3516
5450,3517
5451,3518
5459,3519
5460,3520
5463,3521
5464,3522
5466,3523
5468,3524
5470,3525
5472,3526
5475,3527
5477,3528
5478,3529
5479,3530
5480,3531
5481,3532
5483,3533
5485,3534
5489,3535
5490,3536
5493,3537
5497,3538
5498,3539
5500,3540
5502,3541
5503,3542
5504,3543
5505,3544
5506,3545
5507,3546
5508,3547
5513,3548
5521,3549
5522,3550
5527,3551
5528,3552
5529,3553
5532,3554
5537,3555
5540,3556
5541,3557
5544,3558
5548,3559
5553,3560
5568,3561
5570,3562
5574,3563
5577,3564
5582,3565
5589,3566
5601,3567
5603,3568
5607,3569
5608,3570
5613,3571
5614,3572
5617,3573
5618,3574
5619,3575
5620,3576
5621,3577
5625,3578
5628,3579
5630,3580
5632,3581
5633,3582
5637,3583
5643,3584
5644,3585
5646,3586
5650,3587
5657,3588
5666,3589
5668,3590
5669,3591
5673,3592
5679,3593
5682,3594
5685,3595
5690,3596
5693,3597
5699,3598
5712,3599
5723,3600
5733,3601
5741,3602
5742,3603
5745,3604
5746,3605
5747,3606
5764,3607
5772,3608
5782,3609
5784,3610
5785,3611
5786,3612
5788,3613
5791,3614
5792,3615
5802,3616
5803,3617
5809,3618
5810,3619
5812,3620
5816,3621
5817,3622
5818,3623
5820,3624
5829,3625
5833,3626
5838,3627
5839,3628
5840,3629
5849,3630
5856,3631
5867,3632
5872,3633
5873,3634
5874,3635
5876,3636
5878,3637
5881,3638
5882,3639
5888,3640
5889,3641
5890,3642
5893,3643
5896,3644
5899,3645
5900,3646
5901,3647
5902,3648
5903,3649
5909,3650
5912,3651
5915,3652
5919,3653
5932,3654
5938,3655
5941,3656
5942,3657
5943,3658
5944,3659
5945,3660
5949,3661
5951,3662
5952,3663
5953,3664
5954,3665
5955,3666
5956,3667
5957,3668
5959,3669
5965,3670
5968,3671
5970,3672
5971,3673
5980,3674
5984,3675
5986,3676
5989,3677
5991,3678
5992,3679
5993,3680
5994,3681
5995,3682
6001,3683
6003,3684
6006,3685
6014,3686
6016,3687
6021,3688
6022,3689
6023,3690
6025,3691
6027,3692
6031,3693
6035,3694
6041,3695
6049,3696
6051,3697
6058,3698
6059,3699
6060,3700
6062,3701
6063,3702
6064,3703
6067,3704
6070,3705
6086,3706
6093,3707
6100,3708
6101,3709
6104,3710
6107,3711
6119,3712
6122,3713
6123,3714
6140,3715
6143,3716
6155,3717
6156,3718
6157,3719
6159,3720
6163,3721
6170,3722
6178,3723
6181,3724
6183,3725
6184,3726
6187,3727
6188,3728
6192,3729
6193,3730
6195,3731
6196,3732
6201,3733
6213,3734
6214,3735
6216,3736
6217,3737
6218,3738
6220,3739
6223,3740
6228,3741
6232,3742
6235,3743
6237,3744
6238,3745
6241,3746
6242,3747
6244,3748
6246,3749
6254,3750
6263,3751
6266,3752
6268,3753
6269,3754
6270,3755
6279,3756
6281,3757
6283,3758
6285,3759
6286,3760
6287,3761
6288,3762
6290,3763
6291,3764
6294,3765
6296,3766
6297,3767
6299,3768
6300,3769
6301,3770
6303,3771
6305,3772
6306,3773
6308,3774
6322,3775
6323,3776
6331,3777
6332,3778
6333,3779
6334,3780
6335,3781
6337,3782
6339,3783
6341,3784
6345,3785
6350,3786
6365,3787
6367,3788
6368,3789
6370,3790
6373,3791
6375,3792
6376,3793
6377,3794
6378,3795
6380,3796
6383,3797
6385,3798
6386,3799
6387,3800
6402,3801
6408,3802
6410,3803
6412,3804
6415,3805
6417,3806
6422,3807
6427,3808
6429,3809
6433,3810
6436,3811
6440,3812
6442,3813
6448,3814
6452,3815
6460,3816
6461,3817
6466,3818
6482,3819
6502,3820
6503,3821
6509,3822
6515,3823
6530,3824
6533,3825
6534,3826
6535,3827
6536,3828
6537,3829
6538,3830
6539,3831
6541,3832
6545,3833
6548,3834
6549,3835
6550,3836
6551,3837
6552,3838
6553,3839
6564,3840
6565,3841
6567,3842
6568,3843
6571,3844
6572,3845
6573,3846
6577,3847
6579,3848
6583,3849
6584,3850
6586,3851
6588,3852
6591,3853
6592,3854
6593,3855
6595,3856
6604,3857
6611,3858
6612,3859
6615,3860
6616,3861
6617,3862
6618,3863
6619,3864
6620,3865
6625,3866
6629,3867
6636,3868
6639,3869
6643,3870
6644,3871
6645,3872
6650,3873
6656,3874
6658,3875
6659,3876
6662,3877
6663,3878
6664,3879
6665,3880
6666,3881
6669,3882
6671,3883
6679,3884
6684,3885
6686,3886
6687,3887
6689,3888
6707,3889
6708,3890
6709,3891
6710,3892
6711,3893
6713,3894
6721,3895
6723,3896
6724,3897
6731,3898
6732,3899
6753,3900
6754,3901
6755,3902
6763,3903
6764,3904
6765,3905
6768,3906
6773,3907
6774,3908
6775,3909
6776,3910
6777,3911
6782,3912
6783,3913
6785,3914
6786,3915
6787,3916
6789,3917
6790,3918
6791,3919
6793,3920
6796,3921
6807,3922
6808,3923
6816,3924
6818,3925
6820,3926
6832,3927
6835,3928
6852,3929
6856,3930
6857,3931
6858,3932
6863,3933
6867,3934
6868,3935
6869,3936
6870,3937
6873,3938
6874,3939
6879,3940
6881,3941
6887,3942
6888,3943
6890,3944
6893,3945
6898,3946
6902,3947
6909,3948
6918,3949
6920,3950
6927,3951
6932,3952
6934,3953
6935,3954
6936,3955
6938,3956
6939,3957
6942,3958
6944,3959
6945,3960
6946,3961
6947,3962
6948,3963
6950,3964
6952,3965
6953,3966
6954,3967
6957,3968
6961,3969
6963,3970
6966,3971
6969,3972
6970,3973
6971,3974
6974,3975
6975,3976
6978,3977
6979,3978
6981,3979
6983,3980
6984,3981
6985,3982
6987,3983
6993,3984
6994,3985
6996,3986
7000,3987
7001,3988
7007,3989
7008,3990
7010,3991
7013,3992
7015,3993
7017,3994
7018,3995
7022,3996
7023,3997
7024,3998
7025,3999
7027,4000
7028,4001
7031,4002
7032,4003
7034,4004
7036,4005
7037,4006
7038,4007
7044,4008
7046,4009
7048,4010
7050,4011
7051,4012
7053,4013
7055,4014
7056,4015
7059,4016
7060,4017
7061,4018
7062,4019
7063,4020
7064,4021
7067,4022
7069,4023
7070,4024
7071,4025
7072,4026
7076,4027
7078,4028
7079,4029
7080,4030
7082,4031
7084,4032
7087,4033
7088,4034
7089,4035
7090,4036
7091,4037
7093,4038
7096,4039
7099,4040
7101,4041
7115,4042
7116,4043
7118,4044
7121,4045
7122,4046
7123,4047
7132,4048
7134,4049
7137,4050
7139,4051
7141,4052
7143,4053
7147,4054
7149,4055
7150,4056
7151,4057
7153,4058
7154,4059
7155,4060
7156,4061
7158,4062
7160,4063
7162,4064
7163,4065
7164,4066
7169,4067
7171,4068
7173,4069
7184,4070
7193,4071
7206,4072
7208,4073
7209,4074
7212,4075
7215,4076
7216,4077
7217,4078
7218,4079
7219,4080
7222,4081
7225,4082
7234,4083
7235,4084
7236,4085
7238,4086
7247,4087
7251,4088
7254,4089
7255,4090
7256,4091
7263,4092
7264,4093
7265,4094
7266,4095
7285,4096
7293,4097
7294,4098
7297,4099
7299,4100
7303,4101
7304,4102
7310,4103
7311,4104
7317,4105
7318,4106
7320,4107
7323,4108
7324,4109
7325,4110
7327,4111
7333,4112
7335,4113
7340,4114
7345,4115
7346,4116
7347,4117
7352,4118
7360,4119
7361,4120
7364,4121
7366,4122
7367,4123
7371,4124
7373,4125
7375,4126
7376,4127
7379,4128
7380,4129
7381,4130
7382,4131
7386,4132
7387,4133
7395,4134
7396,4135
7419,4136
7438,4137
7439,4138
7440,4139
7444,4140
7445,4141
7450,4142
7451,4143
7454,4144
7458,4145
7459,4146
7460,4147
7479,4148
7481,4149
7482,4150
7486,4151
7487,4152
7492,4153
7493,4154
7560,4155
7564,4156
7566,4157
7569,4158
7570,4159
7572,4160
7573,4161
7579,4162
7584,4163
7587,4164
7614,4165
7615,4166
7619,4167
7620,4168
7646,4169
7647,4170
7649,4171
7657,4172
7669,4173
7698,4174
7700,4175
7705,4176
7706,4177
7713,4178
7714,4179
7720,4180
7728,4181
7743,4182
7745,4183
7748,4184
7749,4185
7756,4186
7757,4187
7762,4188
7766,4189
7767,4190
7773,4191
7782,4192
7789,4193
7802,4194
7810,4195
7811,4196
7812,4197
7815,4198
7820,4199
7834,4200
7840,4201
7841,4202
7842,4203
7843,4204
7844,4205
7845,4206
7884,4207
7888,4208
7889,4209
7894,4210
7899,4211
7925,4212
7926,4213
7930,4214
7932,4215
7934,4216
7936,4217
7937,4218
7939,4219
7940,4220
7943,4221
7976,4222
7980,4223
7981,4224
7982,4225
7983,4226
7984,4227
7991,4228
8008,4229
8010,4230
8011,4231
8012,4232
8014,4233
8016,4234
8019,4235
8024,4236
8025,4237
8033,4238
8042,4239
8044,4240
8117,4241
8118,4242
8119,4243
8125,4244
8128,4245
8132,4246
8138,4247
8142,4248
8147,4249
8154,4250
8157,4251
8158,4252
8167,4253
8169,4254
8190,4255
8191,4256
8195,4257
8197,4258
8199,4259
8207,4260
8225,4261
8228,4262
8235,4263
8238,4264
8239,4265
8241,4266
8253,4267
8254,4268
8261,4269
8268,4270
8270,4271
8327,4272
8331,4273
8337,4274
8338,4275
8340,4276
8341,4277
8360,4278
8361,4279
8363,4280
8364,4281
8366,4282
8368,4283
8370,4284
8371,4285
8372,4286
8376,4287
8378,4288
8405,4289
8424,4290
8426,4291
8456,4292
8463,4293
8464,4294
8477,4295
8484,4296
8487,4297
8491,4298
8493,4299
8501,4300
8507,4301
8511,4302
8528,4303
8529,4304
8530,4305
8531,4306
8533,4307
8535,4308
8542,4309
8577,4310
8580,4311
8581,4312
8582,4313
8588,4314
8593,4315
8600,4316
8601,4317
8604,4318
8605,4319
8607,4320
8614,4321
8622,4322
8623,4323
8633,4324
8636,4325
8638,4326
8640,4327
8641,4328
8643,4329
8644,4330
8645,4331
8656,4332
8665,4333
8670,4334
8690,4335
8695,4336
8718,4337
8724,4338
8730,4339
8738,4340
8748,4341
8754,4342
8778,4343
8783,4344
8784,4345
8795,4346
8796,4347
8798,4348
8800,4349
8804,4350
8807,4351
8809,4352
8810,4353
8813,4354
8827,4355
8836,4356
8838,4357
8848,4358
8860,4359
8861,4360
8865,4361
8866,4362
8869,4363
8873,4364
8874,4365
8875,4366
8879,4367
8880,4368
8908,4369
8910,4370
8911,4371
8914,4372
8917,4373
8919,4374
8928,4375
8933,4376
8937,4377
8938,4378
8939,4379
8949,4380
8950,4381
8951,4382
8954,4383
8957,4384
8958,4385
8961,4386
8965,4387
8966,4388
8968,4389
8969,4390
8970,4391
8972,4392
8973,4393
8974,4394
8979,4395
8981,4396
8983,4397
8984,4398
8985,4399
8998,4400
9010,4401
9018,4402
25750,4403
25752,4404
25753,4405
25757,4406
25769,4407
25771,4408
25773,4409
25788,4410
25805,4411
25825,4412
25833,4413
25834,4414
25841,4415
25850,4416
25865,4417
25886,4418
25887,4419
25898,4420
25906,4421
25947,4422
25952,4423
25963,4424
26003,4425
26038,4426
26048,4427
26052,4428
26059,4429
26073,4430
26078,4431
26082,4432
26084,4433
26116,4434
26122,4435
26131,4436
26133,4437
26147,4438
26150,4439
26158,4440
26159,4441
26169,4442
26171,4443
26183,4444
26184,4445
26225,4446
26231,4447
26236,4448
26237,4449
26249,4450
26258,4451
26265,4452
26303,4453
26308,4454
26313,4455
26322,4456
26326,4457
26340,4458
26347,4459
26350,4460
26357,4461
26359,4462
26366,4463
26375,4464
26394,4465
26401,4466
26409,4467
26429,4468
26444,4469
26453,4470
26471,4471
26492,4472
26524,4473
26527,4474
26528,4475
26547,4476
26554,4477
26578,4478
26585,4479
26587,4480
26599,4481
26603,4482
26606,4483
26612,4484
26614,4485
26631,4486
26645,4487
26649,4488
26662,4489
26680,4490
26681,4491
26693,4492
26704,4493
26712,4494
26713,4495
26729,4496
26732,4497
26736,4498
26776,4499
26777,4500
26778,4501
26810,4502
26840,4503
26849,4504
26865,4505
26875,4506
26903,4507
26928,4508
26965,4509
26974,4510
26985,4511
27022,4512
27032,4513
27134,4514
27156,4515
27176,4516
27178,4517
27186,4518
27193,4519
27246,4520
27251,4521
27266,4522
27311,4523
27317,4524
27320,4525
27328,4526
27329,4527
27368,4528
27369,4529
27370,4530
27373,4531
27397,4532
27408,4533
27416,4534
27441,4535
27480,4536
27482,4537
27523,4538
27555,4539
27563,4540
27584,4541
27592,4542
27611,4543
27619,4544
27627,4545
27660,4546
27674,4547
27704,4548
27706,4549
27708,4550
27716,4551
27721,4552
27722,4553
27731,4554
27741,4555
27744,4556
27751,4557
27768,4558
27773,4559
27776,4560
27788,4561
27790,4562
27801,4563
27803,4564
27808,4565
27815,4566
27820,4567
27821,4568
27822,4569
27826,4570
27831,4571
27834,4572
27838,4573
27846,4574
27850,4575
27869,4576
27878,4577
27879,4578
27882,4579
27904,4580
27912,4581
30707,4582
30745,4583
30749,4584
30793,4585
30803,4586
30810,4587
30812,4588
30816,4589
30820,4590
30822,4591
30825,4592
30850,4593
30894,4594
30994,4595
31030,4596
31038,4597
31101,4598
31116,4599
31184,4600
31221,4601
31364,4602
31410,4603
31420,4604
31433,4605
31435,4606
31437,4607
31522,4608
31545,4609
31610,4610
31658,4611
31685,4612
31696,4613
31702,4614
31804,4615
31878,4616
31903,4617
31909,4618
31923,4619
31925,4620
32009,4621
32019,4622
32022,4623
32029,4624
32031,4625
32139,4626
32179,4627
32234,4628
32289,4629
32291,4630
32302,4631
32387,4632
32456,4633
32460,4634
32469,4635
32511,4636
32554,4637
32582,4638
32584,4639
32587,4640
32596,4641
32598,4642
32649,4643
32657,4644
32728,4645
32770,4646
32862,4647
32892,4648
32898,4649
32917,4650
33004,4651
33090,4652
33138,4653
33145,4654
33154,4655
33162,4656
33166,4657
33201,4658
33237,4659
33310,4660
33421,4661
33437,4662
33493,4663
33495,4664
33564,4665
33615,4666
33646,4667
33649,4668
33660,4669
33669,4670
33672,4671
33679,4672
33683,4673
33725,4674
33779,4675
33794,4676
33830,4677
33834,4678
33880,4679
33893,4680
33896,4681
33903,4682
34048,4683
34072,4684
34150,4685
34153,4686
34162,4687
34271,4688
34312,4689
34319,4690
34323,4691
34326,4692
34332,4693
34338,4694
34359,4695
34405,4696
34437,4697
34450,4698
34528,4699
34530,4700
34534,4701
34536,4702
34542,4703
35807,4704
35836,4705
35957,4706
36289,4707
36363,4708
36401,4709
36477,4710
36517,4711
36519,4712
36525,4713
36527,4714
36529,4715
36535,4716
36537,4717
36708,4718
36850,4719
37240,4720
37380,4721
37384,4722
37386,4723
37444,4724
37720,4725
37727,4726
37729,4727
37731,4728
37733,4729
37739,4730
37741,4731
37830,4732
37857,4733
38038,4734
38061,4735
38095,4736
38159,4737
38164,4738
38198,4739
38304,4740
38388,4741
38798,4742
38886,4743
39183,4744
39231,4745
39234,4746
39292,4747
39381,4748
39414,4749
39427,4750
39444,4751
39446,4752
39516,4753
39869,4754
40148,4755
40278,4756
40339,4757
40412,4758
40414,4759
40491,4760
40581,4761
40583,4762
40614,4763
40629,4764
40697,4765
40723,4766
40732,4767
40815,4768
40819,4769
40826,4770
40851,4771
40955,4772
40959,4773
40962,4774
41014,4775
41285,4776
41527,4777
41566,4778
41569,4779
41571,4780
41573,4781
41712,4782
41716,4783
41724,4784
41828,4785
41863,4786
41997,4787
42002,4788
42004,4789
42176,4790
42191,4791
42418,4792
42422,4793
42556,4794
42632,4795
42718,4796
42723,4797
42725,4798
42728,4799
42730,4800
42732,4801
42734,4802
42738,4803
42761,4804
42946,4805
43289,4806
43376,4807
43396,4808
43460,4809
43560,4810
43679,4811
43684,4812
43836,4813
43869,4814
43914,4815
43921,4816
43936,4817
44004,4818
44022,4819
44189,4820
44191,4821
44193,4822
44195,4823
44199,4824
44397,4825
44555,4826
44597,4827
44613,4828
44633,4829
44665,4830
44694,4831
44709,4832
44761,4833
44777,4834
44788,4835
44828,4836
44840,4837
44851,4838
44864,4839
44889,4840
44929,4841
44931,4842
44937,4843
44943,4844
44972,4845
44974,4846
45028,4847
45081,4848
45175,4849
45186,4850
45210,4851
45221,4852
45382,4853
45431,4854
45440,4855
45447,4856
45499,4857
45501,4858
45503,4859
45517,4860
45668,4861
45672,4862
45720,4863
45722,4864
45728,4865
45880,4866
45928,4867
45950,4868
46105,4869
46322,4870
46337,4871
46347,4872
46530,4873
46572,4874
46578,4875
46723,4876
46850,4877
46855,4878
46948,4879
46965,4880
46967,4881
46970,4882
46972,4883
46976,4884
47044,4885
47099,4886
47122,4887
47200,4888
47202,4889
47382,4890
47404,4891
47423,4892
47465,4893
47491,4894
47518,4895
47566,4896
47610,4897
47629,4898
47640,4899
47644,4900
47646,4901
47725,4902
47736,4903
47894,4904
47970,4905
47997,4906
47999,4907
48001,4908
48032,4909
48043,4910
48045,4911
48082,4912
48142,4913
48262,4914
48304,4915
48322,4916
48342,4917
48385,4918
48394,4919
48516,4920
48520,4921
48598,4922
48649,4923
48696,4924
48698,4925
48738,4926
48741,4927
48744,4928
48774,4929
48780,4930
48783,4931
48872,4932
48877,4933
48879,4934
48982,4935
48997,4936
49130,4937
49265,4938
49272,4939
49274,4940
49278,4941
49280,4942
49286,4943
49347,4944
49389,4945
49396,4946
49530,4947
49647,4948
49649,4949
49651,4950
49688,4951
49772,4952
49793,4953
49822,4954
49824,4955
49910,4956
49917,4957
49932,4958
49961,4959
50068,4960
50160,4961
50274,4962
50442,4963
50601,4964
50610,4965
50613,4966
50658,4967
50685,4968
50740,4969
50794,4970
50804,4971
50842,4972
50851,4973
50872,4974
50912,4975
50999,4976
51024,4977
51080,4978
51084,4979
51086,4980
51088,4981
51091,4982
51167,4983
51255,4984
51314,4985
51357,4986
51412,4987
51540,4988
51562,4989
51662,4990
51705,4991
51709,4992
51834,4993
51884,4994
51931,4995
51935,4996
51939,4997
52241,4998
52245,4999
52281,5000
52287,5001
52319,5002
52328,5003
52435,5004
52458,5005
52604,5006
52644,5007
52668,5008
52694,5009
52722,5010
52767,5011
52784,5012
52867,5013
52885,5014
52952,5015
52967,5016
52973,5017
52975,5018
53000,5019
53022,5020
53024,5021
53121,5022
53123,5023
53125,5024
53127,5025
53129,5026
53140,5027
53280,5028
53318,5029
53322,5030
53355,5031
53447,5032
53460,5033
53468,5034
53519,5035
53550,5036
53574,5037
53578,5038
53883,5039
53894,5040
53953,5041
53956,5042
53972,5043
53993,5044
53996,5045
54001,5046
54004,5047
54185,5048
54190,5049
54256,5050
54259,5051
54272,5052
54281,5053
54286,5054
54354,5055
54372,5056
54503,5057
54648,5058
54736,5059
54771,5060
54881,5061
54910,5062
54995,5063
54997,5064
54999,5065
55020,5066
55052,5067
55069,5068
55071,5069
55080,5070
55094,5071
55112,5072
55118,5073
55156,5074
55167,5075
55241,5076
55245,5077
55247,5078
55253,5079
55267,5080
55269,5081
55272,5082
55276,5083
55278,5084
55280,5085
55282,5086
55290,5087
55363,5088
55391,5089
55442,5090
55444,5091
55492,5092
55577,5093
55687,5094
55721,5095
55765,5096
55768,5097
55814,5098
55820,5099
55830,5100
55872,5101
55908,5102
55946,5103
56060,5104
56145,5105
56152,5106
56156,5107
56169,5108
56171,5109
56174,5110
56251,5111
56286,5112
56336,5113
56339,5114
56367,5115
56389,5116
56563,5117
56587,5118
56607,5119
56715,5120
56757,5121
56775,5122
56782,5123
56788,5124
56801,5125
56805,5126
56869,5127
56908,5128
56915,5129
56921,5130
56941,5131
56949,5132
57147,5133
57183,5134
57243,5135
57274,5136
57368,5137
57421,5138
57502,5139
57504,5140
57528,5141
57640,5142
57669,5143
57772,5144
57843,5145
58025,5146
58047,5147
58103,5148
58105,5149
58107,5150
58154,5151
58162,5152
58191,5153
58291,5154
58293,5155
58295,5156
58297,5157
58299,5158
58301,5159
58303,5160
58309,5161
58347,5162
58351,5163
58376,5164
58425,5165
58554,5166
58559,5167
58655,5168
58803,5169
58842,5170
58870,5171
58964,5172
58998,5173
59018,5174
59022,5175
59026,5176
59037,5177
59103,5178
59126,5179
59141,5180
59143,5181
59258,5182
59315,5183
59369,5184
59387,5185
59421,5186
59501,5187
59549,5188
59604,5189
59615,5190
59667,5191
59727,5192
59784,5193
59814,5194
59900,5195
59985,5196
59995,5197
60030,5198
60040,5199
60069,5200
60072,5201
60074,5202
60126,5203
60161,5204
60289,5205
60291,5206
60293,5207
60303,5208
60333,5209
60389,5210
60397,5211
60408,5212
60487,5213
60516,5214
60684,5215
60737,5216
60753,5217
60756,5218
60766,5219
60818,5220
60832,5221
60904,5222
60943,5223
60950,5224
60979,5225
61024,5226
61026,5227
61132,5228
61160,5229
61167,5230
61236,5231
61240,5232
61250,5233
61255,5234
61257,5235
61289,5236
61323,5237
61352,5238
61394,5239
61406,5240
62081,5241
62113,5242
62155,5243
62208,5244
62250,5245
62293,5246
62336,5247
62344,5248
62374,5249
62383,5250
62434,5251
62439,5252
62511,5253
62553,5254
62644,5255
62834,5256
62836,5257
62849,5258
62956,5259
62999,5260
63062,5261
63072,5262
63082,5263
63113,5264
63131,5265
63222,5266
63276,5267
63433,5268
63436,5269
63479,5270
63515,5271
63826,5272
63853,5273
63859,5274
63876,5275
63992,5276
64034,5277
64197,5278
64231,5279
64285,5280
64499,5281
64501,5282
64575,5283
64614,5284
64620,5285
64622,5286
64695,5287
64716,5288
64839,5289
64957,5290
64969,5291
64983,5292
64993,5293
65088,5294
65126,5295
65130,5296
65133,5297
65188,5298
65216,5299
65225,5300
65230,5301
65261,5302
65514,5303
65596,5304
65631,5305
65642,5306
65682,5307
65685,5308
65738,5309
65740,5310
65802,5311
65982,5312
66090,5313
66097,5314
66203,5315
66297,5316
66320,5317
66371,5318
66511,5319
66544,5320
66665,5321
66744,5322
66785,5323
66934,5324
66943,5325
67087,5326
67255,5327
67267,5328
67295,5329
67408,5330
67508,5331
67618,5332
67665,5333
67695,5334
67734,5335
67788,5336
67888,5337
67923,5338
67997,5339
68073,5340
68135,5341
68157,5342
68159,5343
68194,5344
68205,5345
68237,5346
68269,5347
68319,5348
68347,5349
68358,5350
68486,5351
68536,5352
68554,5353
68597,5354
68659,5355
68791,5356
68793,5357
68848,5358
68872,5359
68886,5360
68945,5361
68952,5362
68954,5363
69069,5364
69122,5365
69134,5366
69140,5367
69211,5368
69224,5369
69275,5370
69278,5371
69304,5372
69306,5373
69394,5374
69406,5375
69436,5376
69469,5377
69481,5378
69524,5379
69526,5380
69529,5381
69640,5382
69644,5383
69712,5384
69720,5385
69757,5386
69784,5387
69805,5388
69844,5389
69860,5390
69951,5391
70159,5392
70183,5393
70208,5394
70286,5395
70293,5396
70451,5397
70521,5398
70533,5399
70565,5400
70599,5401
70637,5402
70641,5403
70687,5404
70708,5405
70728,5406
70862,5407
70946,5408
70994,5409
71033,5410
71057,5411
71106,5412
71108,5413
71131,5414
71135,5415
71156,5416
71211,5417
71254,5418
71264,5419
71268,5420
71282,5421
71302,5422
71304,5423
71379,5424
71429,5425
71453,5426
71462,5427
71464,5428
71466,5429
71518,5430
71520,5431
71530,5432
71535,5433
71579,5434
71619,5435
71668,5436
71745,5437
71823,5438
71838,5439
71899,5440
71970,5441
71999,5442
72011,5443
72104,5444
72129,5445
72142,5446
72167,5447
72171,5448
72178,5449
72226,5450
72308,5451
72356,5452
72378,5453
72395,5454
72407,5455
72489,5456
72554,5457
72605,5458
72641,5459
72692,5460
72701,5461
72714,5462
72720,5463
72733,5464
72737,5465
72982,5466
72998,5467
73015,5468
73017,5469
73023,5470
73042,5471
73211,5472
73266,5473
73268,5474
73290,5475
73321,5476
73323,5477
73344,5478
73569,5479
73804,5480
73822,5481
73854,5482
73876,5483
73881,5484
74154,5485
74226,5486
74228,5487
74282,5488
74324,5489
74342,5490
74370,5491
74452,5492
74458,5493
74508,5494
74510,5495
74532,5496
74545,5497
74553,5498
74624,5499
74668,5500
74677,5501
74683,5502
74685,5503
74727,5504
74750,5505
74754,5506
74789,5507
74791,5508
74795,5509
74946,5510
74948,5511
75341,5512
75985,5513
76054,5514
76060,5515
76077,5516
76091,5517
76093,5518
76143,5519
76173,5520
76175,5521
76251,5522
76293,5523
76301,5524
77177,5525
77191,5526
77455,5527
77561,5528
77688,5529
77800,5530
77846,5531
77866,5532
77893,5533
77931,5534
78039,5535
78088,5536
78105,5537
78142,5538
78209,5539
78266,5540
78316,5541
78349,5542
78469,5543
78499,5544
78574,5545
78620,5546
78637,5547
78703,5548
78746,5549
78772,5550
78836,5551
79006,5552
79008,5553
79057,5554
79073,5555
79091,5556
79132,5557
79134,5558
79139,5559
79185,5560
79224,5561
79242,5562
79251,5563
79274,5564
79293,5565
79333,5566
79357,5567
79428,5568
79501,5569
79553,5570
79592,5571
79684,5572
79695,5573
79702,5574
79798,5575
79897,5576
80083,5577
80094,5578
80124,5579
80126,5580
80139,5581
80219,5582
80241,5583
80363,5584
80463,5585
80478,5586
80489,5587
80549,5588
80572,5589
80584,5590
80586,5591
80590,5592
80615,5593
80693,5594
80727,5595
80748,5596
80831,5597
80860,5598
80862,5599
80880,5600
80906,5601
80969,5602
81018,5603
81087,5604
81132,5605
81156,5606
81191,5607
81229,5608
81417,5609
81512,5610
81520,5611
81535,5612
81537,5613
81562,5614
81564,5615
81591,5616
81782,5617
81784,5618
81786,5619
81788,5620
81819,5621
81831,5622
81834,5623
81845,5624
81847,5625
81910,5626
81932,5627
82041,5628
82053,5629
82169,5630
82202,5631
82242,5632
82366,5633
82378,5634
82459,5635
82461,5636
82527,5637
82667,5638
82744,5639
82852,5640
82857,5641
83132,5642
83134,5643
83349,5644
83369,5645
83613,5646
83803,5647
83827,5648
83969,5649
83976,5650
84152,5651
84156,5652
84187,5653
84189,5654
84240,5655
84246,5656
84273,5657
84374,5658
84392,5659
84414,5660
84512,5661
84553,5662
84601,5663
84696,5664
84716,5665
84772,5666
84799,5667
84844,5668
84847,5669
84942,5670
84944,5671
84952,5672
84954,5673
85020,5674
85022,5675
85179,5676
85213,5677
85259,5678
85295,5679
85342,5680
85354,5681
85367,5682
85397,5683
85401,5684
85412,5685
85414,5686
85510,5687
85736,5688
85774,5689
85780,5690
85881,5691
85885,5692
86000,5693
86059,5694
86066,5695
86142,5696
86190,5697
86237,5698
86290,5699
86293,5700
86298,5701
86320,5702
86332,5703
86345,5704
86347,5705
86377,5706
86487,5707
86504,5708
86628,5709
86644,5710
86668,5711
86721,5712
86781,5713
86817,5714
86833,5715
86880,5716
86882,5717
86892,5718
86898,5719
86911,5720
86922,5721
87192,5722
87222,5723
87232,5724
87234,5725
87287,5726
87304,5727
87306,5728
87483,5729
87485,5730
87520,5731
87522,5732
87529,5733
87660,5734
87834,5735
87867,5736
87869,5737
87876,5738
88069,5739
88125,5740
88129,5741
88140,5742
88163,5743
88235,5744
88345,5745
88405,5746
88448,5747
88699,5748
88744,5749
88746,5750
88785,5751
88810,5752
88932,5753
89039,5754
89047,5755
89072,5756
89087,5757
89090,5758
89118,5759
89305,5760
89470,5761
89492,5762
89580,5763
89582,5764
89678,5765
89745,5766
89753,5767
89759,5768
89774,5769
89804,5770
89837,5771
89840,5772
89864,5773
89904,5774
89939,5775
90057,5776
90245,5777
90249,5778
90345,5779
90353,5780
90374,5781
90403,5782
90405,5783
90430,5784
90439,5785
90522,5786
90531,5787
90576,5788
90600,5789
90603,5790
90647,5791
90717,5792
90746,5793
90769,5794
90863,5795
90866,5796
90888,5797
90890,5798
90943,5799
91077,5800
91079,5801
91094,5802
91104,5803
91126,5804
91128,5805
91233,5806
91323,5807
91337,5808
91353,5809
91355,5810
91386,5811
91470,5812
91485,5813
91488,5814
91500,5815
91529,5816
91535,5817
91542,5818
91622,5819
91630,5820
91653,5821
91658,5822
91666,5823
91690,5824
91784,5825
91842,5826
91860,5827
91947,5828
91974,5829
91976,5830
91978,5831
92048,5832
92243,5833
92259,5834
92309,5835
92348,5836
92391,5837
92420,5838
92422,5839
92439,5840
92475,5841
92494,5842
92507,5843
92535,5844
92643,5845
92694,5846
93006,5847
93008,5848
93022,5849
93040,5850
93270,5851
93272,5852
93287,5853
93297,5854
93320,5855
93363,5856
93443,5857
93510,5858
93512,5859
93563,5860
93721,5861
93766,5862
93790,5863
93805,5864
93831,5865
93838,5866
93840,5867
93855,5868
93988,5869
94015,5870
94018,5871
94070,5872
94150,5873
94325,5874
94405,5875
94478,5876
94503,5877
94661,5878
94677,5879
94735,5880
94777,5881
94810,5882
94833,5883
94864,5884
94896,5885
94953,5886
94959,5887
94985,5888
95004,5889
95088,5890
95105,5891
95135,5892
95149,5893
95165,5894
95167,5895
95170,5896
95175,5897
95182,5898
95307,5899
95309,5900
95311,5901
95313,5902
95377,5903
95441,5904
95449,5905
95473,5906
95475,5907
95497,5908
95499,5909
95510,5910
95519,5911
95543,5912
95558,5913
95633,5914
95654,5915
95690,5916
95720,5917
95761,5918
95771,5919
95780,5920
95843,5921
95858,5922
95873,5923
95875,5924
95939,5925
95965,5926
96004,5927
96020,5928
96079,5929
96084,5930
96110,5931
96281,5932
96373,5933
96411,5934
96417,5935
96430,5936
96432,5937
96488,5938
96563,5939
96567,5940
96588,5941
96606,5942
96608,5943
96610,5944
96616,5945
96655,5946
96691,5947
96728,5948
96737,5949
96811,5950
96821,5951
96829,5952
96832,5953
96861,5954
96917,5955
96935,5956
97168,5957
97188,5958
97225,5959
97304,5960
97306,5961
97752,5962
97757,5963
97836,5964
97860,5965
97866,5966
97870,5967
97904,5968
97913,5969
97921,5970
97923,5971
97938,5972
98083,5973
98124,5974
98154,5975
98243,5976
98279,5977
98361,5978
98491,5979
98585,5980
98604,5981
98607,5982
98809,5983
98961,5984
99007,5985
99030,5986
99112,5987
99114,5988
99117,5989
99145,5990
99149,5991
99191,5992
99437,5993
99636,5994
99728,5995
99764,5996
99813,5997
99853,5998
100044,5999
100083,6000
100159,6001
100163,6002
100194,6003
100277,6004
100383,6005
100390,6006
100507,6007
100527,6008
100553,6009
100556,6010
100579,6011
100611,6012
100714,6013
100810,6014
100882,6015
100906,6016
101025,6017
101088,6018
101112,6019
101142,6020
101362,6021
101525,6022
101577,6023
101612,6024
101741,6025
101765,6026
101864,6027
101895,6028
101962,6029
102033,6030
102066,6031
102084,6032
102123,6033
102125,6034
102194,6035
102217,6036
102338,6037
102378,6038
102407,6039
102445,6040
102481,6041
102602,6042
102666,6043
102684,6044
102686,6045
102716,6046
102742,6047
102760,6048
102903,6049
102984,6050
102993,6051
103042,6052
103048,6053
103075,6054
103107,6055
103141,6056
103228,6057
103235,6058
103249,6059
103253,6060
103335,6061
103339,6062
103341,6063
103372,6064
103384,6065
103483,6066
103539,6067
103543,6068
103602,6069
103606,6070
103624,6071
103685,6072
103688,6073
103772,6074
103810,6075
103883,6076
103980,6077
103984,6078
104069,6079
104078,6080
104129,6081
104211,6082
104218,6083
104241,6084
104272,6085
104283,6086
104303,6087
104339,6088
104374,6089
104419,6090
104457,6091
104780,6092
104841,6093
104863,6094
104875,6095
104879,6096
104906,6097
104913,6098
104925,6099
104944,6100
105197,6101
105213,6102
105250,6103
105254,6104
105355,6105
105504,6106
105540,6107
105585,6108
105593,6109
105653,6110
105746,6111
105835,6112
105844,6113
105954,6114
106002,6115
106062,6116
106072,6117
106100,6118
106438,6119
106487,6120
106489,6121
106491,6122
106594,6123
106642,6124
106696,6125
106766,6126
106782,6127
106839,6128
106889,6129
106916,6130
106918,6131
106920,6132
107141,6133
107159,6134
107348,6135
107406,6136
107408,6137
107410,6138
107412,6139
107447,6140
107462,6141
107565,6142
107630,6143
107771,6144
107780,6145
107951,6146
107953,6147
107999,6148
108078,6149
108156,6150
108190,6151
108540,6152
108689,6153
108727,6154
108729,6155
108795,6156
108932,6157
108949,6158
108981,6159
109161,6160
109241,6161
109313,6162
109374,6163
109487,6164
109578,6165
109596,6166
109633,6167
109687,6168
109846,6169
109848,6170
109850,6171
109853,6172
109968,6173
109971,6174
110102,6175
110127,6176
110130,6177
110281,6178
110330,6179
110350,6180
110387,6181
110501,6182
110553,6183
110586,6184
110591,6185
110669,6186
110718,6187
110730,6188
110746,6189
110771,6190
110882,6191
111113,6192
111146,6193
111360,6194
111362,6195
111364,6196
111384,6197
111617,6198
111622,6199
111659,6200
111743,6201
111759,6202
111781,6203
111913,6204
111921,6205
112006,6206
112138,6207
112171,6208
112175,6209
112183,6210
112290,6211
112334,6212
112421,6213
112512,6214
112515,6215
112552,6216
112556,6217
112580,6218
112623,6219
112804,6220
112818,6221
112852,6222
112868,6223
112897,6224
112911,6225
112940,6226
113252,6227
113275,6228
113280,6229
113378,6230
113394,6231
113453,6232
113565,6233
113573,6234
113741,6235
113829,6236
113862,6237
114028,6238
114066,6239
114074,6240
114180,6241
114265,6242
114662,6243
114678,6244
114795,6245
114935,6246
115122,6247
115149,6248
115210,6249
115231,6250
115569,6251
115617,6252
115664,6253
115680,6254
115713,6255
115727,6256
115828,6257
115877,6258
115969,6259
116411,6260
116668,6261
116724,6262
116797,6263
116799,6264
116817,6265
116823,6266
116897,6267
117109,6268
117176,6269
117192,6270
117364,6271
117466,6272
117529,6273
117531,6274
117533,6275
117545,6276
117590,6277
117646,6278
117849,6279
117851,6280
117867,6281
117881,6282
117887,6283
118270,6284
118530,6285
118572,6286
118696,6287
118706,6288
118834,6289
118862,6290
118880,6291
118888,6292
118894,6293
118896,6294
118900,6295
118930,6296
118985,6297
118997,6298
119141,6299
119145,6300
119153,6301
119155,6302
120130,6303
120138,6304
120466,6305
120478,6306
120625,6307
120635,6308
120799,6309
120807,6310
120813,6311
121007,6312
121097,6313
121171,6314
121231,6315
121338,6316
121372,6317
121374,6318
121469,6319
121781,6320
122092,6321
122882,6322
122886,6323
122890,6324
122892,6325
122896,6326
122898,6327
122900,6328
122904,6329
122906,6330
122912,6331
122916,6332
122918,6333
122920,6334
122922,6335
122924,6336
122926,6337
123200,6338
124273,6339
124404,6340
124851,6341
124853,6342
125974,6343
126088,6344
126090,6345
126142,6346
126426,6347
126430,6348
126548,6349
126577,6350
126921,6351
127052,6352
127096,6353
127098,6354
127108,6355
127114,6356
127116,6357
127130,6358
127136,6359
127152,6360
127180,6361
127184,6362
127198,6363
127202,6364
127204,6365
127212,6366
127298,6367
127390,6368
128087,6369
128089,6370
128097,6371
128099,6372
128360,6373
128366,6374
128520,6375
128594,6376
128620,6377
128842,6378
128852,6379
128900,6380
128902,6381
128908,6382
128914,6383
128968,6384
128991,6385
129313,6386
129354,6387
129514,6388
130073,6389
130087,6390
130444,6391
130452,6392
130482,6393
130490,6394
130518,6395
130520,6396
130578,6397
130634,6398
130840,6399
130842,6400
130970,6401
130976,6402
130978,6403
131013,6404
131023,6405
131098,6406
131104,6407
131130,6408
131237,6409
131610,6410
131714,6411
131724,6412
131796,6413
131826,6414
131920,6415
132046,6416
132153,6417
132333,6418
132422,6419
132496,6420
132660,6421
132800,6422
133115,6423
133419,6424
133645,6425
133712,6426
133716,6427
133771,6428
133802,6429
133867,6430
133879,6431
134004,6432
134041,6433
134095,6434
134109,6435
134130,6436
134170,6437
134184,6438
134214,6439
134252,6440
134326,6441
134334,6442
134368,6443
134393,6444
134796,6445
134847,6446
134849,6447
134853,6448
134881,6449
135133,6450
135137,6451
135143,6452
135198,6453
135436,6454
135532,6455
135536,6456
135569,6457
135777,6458
135815,6459
135861,6460
135887,6461
136016,6462
136020,6463
136341,6464
136353,6465
136355,6466
136359,6467
136445,6468
136447,6469
136449,6470
136469,6471
136503,6472
136540,6473
136556,6474
136562,6475
136598,6476
136602,6477
136834,6478
136850,6479
136864,6480
137337,6481
137595,6482
137857,6483
137859,6484
137863,6485
138036,6486
138204,6487
138210,6488
138632,6489
138835,6490
138966,6491
139157,6492
139385,6493
139640,6494
139642,6495
139644,6496
139994,6497
140038,6498
140110,6499
140133,6500
140162,6501
140174,6502
140247,6503
140265,6504
140267,6505
140289,6506
140359,6507
140481,6508
140541,6509
140561,6510
140627,6511
140711,6512
140715,6513
140725,6514
140816,6515
140928,6516
140956,6517
141004,6518
141400,6519
141408,6520
141513,6521
141544,6522
141688,6523
141718,6524
141749,6525
141810,6526
141816,6527
141818,6528
141820,6529
141830,6530
141836,6531
141844,6532
141846,6533
141866,6534
141928,6535
142020,6536
142115,6537
142196,6538
142222,6539
142422,6540
142444,6541
142448,6542
142456,6543
142488,6544
142509,6545
142550,6546
142598,6547
142831,6548
143031,6549
143355,6550
143367,6551
143385,6552
143458,6553
143511,6554
143525,6555
143559,6556
143859,6557
143896,6558
143969,6559
144210,6560
144478,6561
144606,6562
144734,6563
144976,6564
145418,6565
145994,6566
146024,6567
146028,6568
146244,6569
146309,6570
146656,6571
146662,6572
146682,6573
146684,6574
146986,6575
147002,6576
147196,6577
147250,6578
147282,6579
147286,6580
147300,6581
147326,6582
147328,6583
147330,6584
147372,6585
147374,6586
147376,6587
147378,6588
147380,6589
147382,6590
147384,6591
147410,6592
147657,6593
147936,6594
148424,6595
148626,6596
148632,6597
148671,6598
148775,6599
148881,6600
148956,6601
148978,6602
148982,6603
149144,6604
149146,6605
149330,6606
149350,6607
149352,6608
149354,6609
149406,6610
149508,6611
149566,6612
149830,6613
150548,6614
150554,6615
150596,6616
150696,6617
150993,6618
151315,6619
151455,6620
151695,6621
151739,6622
151763,6623
151769,6624
152077,6625
152081,6626
152083,6627
152091,6628
152105,6629
152173,6630
152591,6631
152711,6632
152970,6633
153408,6634
154358,6635
154975,6636
155168,6637
155509,6638
155659,6639
155812,6640
156025,6641
156371,6642
156387,6643
156605,6644
156609,6645
156726,6646
156781,6647
157108,6648
157110,6649
157296,6650
157369,6651
157699,6652
157775,6653
158027,6654
158238,6655
158398,6656
158783,6657
158872,6658
158882,6659
158966,6660
158972,6661
159069,6662
159093,6663
159161,6664
159415,6665
159441,6666
159717,6667
159755,6668
159779,6669
159811,6670
159817,6671
159858,6672
159976,6673
160080,6674
160271,6675
160289,6676
160438,6677
160527,6678
160565,6679
160567,6680
160644,6681
160718,6682
160848,6683
160980,6684
161024,6685
161127,6686
161131,6687
161580,6688
161582,6689
161634,6690
161966,6691
162344,6692
162350,6693
162414,6694
162478,6695
162578,6696
162600,6697
162602,6698
162606,6699
162968,6700
163056,6701
163072,6702
163112,6703
163134,6704
163386,6705
163527,6706
163639,6707
163645,6708
163925,6709
163985,6710
164179,6711
164200,6712
164226,6713
164367,6714
164707,6715
164909,6716
164917,6717
165101,6718
165103,6719
165483,6720
165549,6721
165551,6722
165639,6723
165671,6724
165843,6725
165947,6726
165959,6727
165969,6728
166024,6729
166183,6730
166203,6731
166291,6732
166461,6733
166492,6734
166528,6735
166534,6736
166568,6737
166635,6738
166643,6739
166946,6740
167018,6741
167036,6742
167064,6743
167380,6744
167570,6745
167634,6746
167746,6747
167854,6748
168026,6749
168090,6750
168144,6751
168218,6752
168248,6753
168250,6754
168252,6755
168254,6756
168266,6757
168326,6758
168366,6759
168418,6760
168492,6761
168612,6762
168632,6763
168846,6764
169034,6765
169984,6766
170355,6767
170357,6768
170399,6769
170411,6770
170597,6771
170697,6772
170705,6773
170777,6774
170813,6775
170817,6776
170837,6777
170907,6778
170993,6779
171011,6780
171023,6781
171251,6782
171495,6783
171749,6784
171763,6785
171765,6786
171811,6787
171867,6788
171917,6789
172497,6790
172547,6791
172577,6792
172583,6793
172585,6794
172587,6795
172589,6796
172591,6797
172637,6798
172705,6799
172793,6800
172825,6801
172875,6802
172909,6803
173145,6804
173197,6805
173205,6806
173209,6807
173235,6808
173291,6809
173317,6810
173351,6811
173355,6812
173535,6813
173619,6814
173925,6815
173963,6816
174045,6817
174053,6818
174055,6819
174479,6820
174551,6821
174909,6822
175199,6823
175293,6824
175303,6825
175387,6826
175397,6827
175401,6828
175431,6829
175435,6830
175569,6831
176101,6832
176329,6833
176371,6834
176413,6835
176423,6836
176601,6837
176751,6838
176805,6839
177185,6840
177593,6841
177615,6842
177765,6843
177939,6844
178061,6845
178613,6846
178827,6847
179119,6848
179133,6849
179135,6850
179401,6851
179427,6852
179511,6853
179813,6854
179817,6855
179819,6856
180031,6857
180045,6858
180095,6859
180231,6860
180265,6861
180297,6862
180497,6863
180777,6864
180985,6865
181065,6866
181413,6867
182293,6868
182297,6869
182299,6870
182639,6871
182715,6872
182731,6873
182823,6874
183199,6875
183317,6876
183611,6877
183897,6878
183959,6879
184245,6880
184253,6881
184257,6882
184721,6883
184791,6884
184931,6885
184997,6886
185029,6887
185031,6888
185135,6889
187031,6890
187541,6891
187593,6892
187595,6893
187717,6894
188189,6895
188301,6896
188751,6897
188797,6898
188833,6899
189333,6900
190209,6901
191005,6902
193571,6903
193573,6904
193581,6905
193609,6906
